"date","child_id","teacher","prep","engagement","rating_5","rating_15","rating_30","baseline_state","time_prep","time_rating","age","rater"
2026-04-20,4,"F","ChildChoice",7.33333333333333,6,8,8,"Neutral",2026-04-20 16:15:34,2026-04-20 16:15:34,-1,"B"
2026-04-20,8,"E","ChildChoice",8.66666666666667,10,8,8,"Neutral",2026-04-20 16:15:10,2026-04-20 16:20:36,-3,"E"
2026-04-20,9,"D","NoPrep",7.33333333333333,6,8,8,"Neutral",2026-04-20 16:18:50,2026-04-20 16:21:17,-1,"D"
2026-04-21,1,"D","Stimulating",8,8,8,8,"Neutral",2026-04-21 11:10:29,2026-04-21 11:22:59,-2,"A"
2026-04-21,6,"F","ChildChoice",6,6,6,6,"Neutral",2026-04-21 12:39:33,2026-04-21 18:12:57,-5,"A"
2026-04-21,8,"F","Stimulating",9.33333333333333,10,10,8,"Hyper",2026-04-21 08:41:42,2026-04-21 11:41:56,-3,"E"
2026-04-21,20,"A","Stimulating",6.66666666666667,10,8,2,"Neutral",2026-04-21 11:20:05,2026-04-21 08:44:45,0,"F"
2026-04-22,1,"F","NoPrep",9.33333333333333,10,10,8,"Neutral",2026-04-22 07:32:56,2026-04-22 07:32:39,-2,"E"
2026-04-22,3,"E","Stimulating",4.66666666666667,6,2,6,"Hyper",2026-04-22 12:38:41,2026-04-22 12:03:23,0,"D"
2026-04-22,5,"B","Calming",8,8,8,8,"Neutral",2026-04-22 13:49:05,2026-04-22 13:52:09,4,"A"
2026-04-22,8,"D","Calming",8,8,10,6,"Tired",2026-04-22 13:31:08,2026-04-22 08:33:14,-3,"A"
2026-04-22,9,"D","ChildChoice",6.66666666666667,4,6,10,"Neutral",2026-04-22 11:53:41,2026-04-22 11:47:20,-1,"A"
2026-04-22,10,"D","Calming",8,8,8,8,"Neutral",2026-04-22 11:53:09,2026-04-22 11:48:59,-5,"A"
2026-04-22,11,"E","Stimulating",7.33333333333333,6,8,8,"Tired",2026-04-22 15:53:09,2026-04-22 15:21:34,-1,"A"
2026-04-22,13,"F","Calming",5.33333333333333,2,6,8,"Neutral",2026-04-22 08:33:29,2026-04-22 11:50:14,-2,"E"
2026-04-22,15,"E","Calming",6.33333333333333,8,8,3,"Neutral",2026-04-22 15:57:52,2026-04-22 14:46:38,-6,"A"
2026-04-22,16,"B","Stimulating",9.33333333333333,8,10,10,"Hyper",2026-04-22 15:50:18,2026-04-22 15:21:08,-1,"A"
2026-04-22,19,"A","Calming",2,2,2,2,"Hyper",2026-04-22 11:45:09,2026-04-22 11:46:20,0,"A"
2026-04-22,22,"B","Calming",6.66666666666667,6,6,8,"Neutral",2026-04-22 15:09:38,2026-04-22 14:47:54,-5,"A"
2026-04-23,1,"D","ChildChoice",8,8,8,8,"Neutral",2026-04-23 10:39:06,2026-04-23 10:38:36,-2,"A"
2026-04-23,6,"B","ChildChoice",4,7,3,2,"Neutral",2026-04-23 17:51:03,2026-04-23 13:49:38,-5,"A"
2026-04-23,8,"E","NoPrep",4,5,4,3,"Neutral",2026-04-23 10:59:00,2026-04-23 11:07:20,-3,"A"
2026-04-23,9,"A","Stimulating",4.33333333333333,6,5,2,"Hyper",2026-04-23 10:35:24,2026-04-23 10:37:11,-1,"A"
2026-04-23,11,"D","ChildChoice",5,4,5,6,"Neutral",2026-04-23 13:58:28,2026-04-23 14:00:16,-1,"E"
2026-04-23,18,"D","Calming",6,6,6,6,"Neutral",2026-04-23 12:59:41,2026-04-23 13:48:17,-1,"A"
2026-04-24,3,"D","NoPrep",7.66666666666667,8,8,7,"Neutral",2026-04-24 12:44:56,2026-04-24 17:23:25,0,"B"
2026-04-24,4,"F","Stimulating",4.66666666666667,4,4,6,"Neutral",2026-04-24 13:09:36,2026-04-24 13:27:14,-1,"E"
2026-04-24,8,"B","Calming",6.33333333333333,6,8,5,"Neutral",2026-04-24 17:35:44,2026-04-24 13:14:57,-3,"D"
2026-04-24,9,"D","Calming",7.33333333333333,7,8,7,"Neutral",2026-04-24 11:11:52,2026-04-24 13:07:57,-1,"F"
2026-04-24,11,"B","Calming",5.66666666666667,6,6,5,"Neutral",2026-04-24 17:37:03,2026-04-24 18:06:44,-1,"B"
2026-04-24,15,"B","Calming",6.66666666666667,6,7,7,"Neutral",2026-04-24 17:42:21,2026-04-24 18:06:47,-6,"E"
2026-04-24,16,"B","NoPrep",7,6,7,8,"Hyper",2026-04-24 17:42:57,2026-04-24 18:05:37,-1,"E"
2026-04-24,20,"A","ChildChoice",4.33333333333333,6,5,2,"Neutral",2026-04-24 09:08:58,2026-04-24 09:32:40,0,"F"
2026-04-24,22,"E","Calming",5,5,5,5,"Neutral",2026-04-24 17:45:34,2026-04-24 18:13:18,-5,"B"
2026-04-25,1,"D","Calming",6.66666666666667,6,7,7,"Neutral",2026-04-25 12:36:06,2026-04-25 12:34:34,-2,"E"
2026-04-25,8,"D","Calming",2.33333333333333,3,2,2,"Hyper",2026-04-25 07:35:21,2026-04-25 07:46:24,-3,"A"
2026-04-25,17,"F","Calming",1.66666666666667,1,1,3,"Hyper",2026-04-25 08:38:20,2026-04-25 08:43:49,-5,"A"
2026-04-25,21,"D","Calming",4.66666666666667,4,5,5,"Hyper",2026-04-25 12:37:05,2026-04-25 12:36:25,-5,"E"
2026-04-27,1,"D","Stimulating",6,6,6,6,"Hyper",2026-04-27 10:46:24,2026-04-27 12:00:15,-2,"A"
2026-04-27,7,"D","NoPrep",5.33333333333333,4,6,6,"Hyper",2026-04-27 14:33:41,2026-04-27 14:41:50,-5,"A"
2026-04-27,8,"F","NoPrep",3.33333333333333,2,4,4,"Neutral",2026-04-27 09:53:23,2026-04-27 11:57:06,-3,"A"
2026-04-27,9,"D","Stimulating",3.33333333333333,2,3,5,"Neutral",2026-04-27 12:34:29,2026-04-27 12:01:40,-1,"A"
2026-04-27,11,"B","Stimulating",6.66666666666667,6,7,7,"Neutral",2026-04-27 14:04:46,2026-04-27 14:09:21,-1,"E"
2026-04-27,13,"F","NoPrep",2,2,2,2,"Hyper",2026-04-27 09:54:23,2026-04-27 11:57:51,-2,"A"
2026-04-27,14,"B","NoPrep",1.33333333333333,1,1,2,"Hyper",2026-04-27 20:00:15,2026-04-27 15:44:43,1,"A"
2026-04-27,16,"E","NoPrep",8,8,8,8,"Hyper",2026-04-27 15:55:51,2026-04-27 15:46:16,-1,"A"
2026-04-27,22,"D","ChildChoice",3.66666666666667,3,5,3,"Hyper",2026-04-27 14:34:34,2026-04-27 14:44:10,-5,"A"
2026-04-28,1,"D","ChildChoice",8,8,8,8,"Neutral",2026-04-28 09:42:50,2026-04-28 11:43:41,-2,"A"
2026-04-28,8,"B","ChildChoice",6.66666666666667,6,7,7,"Neutral",2026-04-28 17:01:22,2026-04-28 16:53:07,-3,"E"
2026-04-28,9,"D","ChildChoice",5,5,6,4,"Hyper",2026-04-28 11:42:44,2026-04-28 11:45:18,-1,"E"
2026-04-29,8,"B","Stimulating",6,6,6,6,"Neutral",2026-04-29 14:09:32,2026-04-29 14:17:53,-3,"E"
2026-04-29,15,"E","NoPrep",8,8,8,8,"Neutral",2026-04-29 15:30:49,2026-04-29 15:31:54,-6,"B"
2026-04-30,1,"D","NoPrep",8.33333333333333,9,8,8,"Neutral",2026-04-30 09:36:13,2026-04-30 09:53:54,-2,"F"
2026-04-30,6,"F","NoPrep",4,4,4,4,"Neutral",2026-04-30 12:37:19,2026-04-30 12:38:06,-5,"B"
2026-04-30,8,"E","NoPrep",5.33333333333333,8,4,4,"Neutral",2026-04-30 07:42:11,2026-04-30 09:38:31,-3,"F"
2026-04-30,9,"E","Calming",5,4,5,6,"Neutral",2026-04-30 14:15:51,2026-04-30 22:38:38,-1,"D"
2026-04-30,11,"D","ChildChoice",6.33333333333333,5,7,7,"Neutral",2026-04-30 12:36:44,2026-04-30 12:37:40,-1,"E"
2026-04-30,15,"D","ChildChoice",7.33333333333333,8,7,7,"Neutral",2026-04-30 15:17:49,2026-04-30 15:25:27,-6,"A"
2026-04-30,16,"E","Stimulating",9,9,9,9,"Hyper",2026-04-30 15:30:14,2026-04-30 15:31:17,-1,"A"
2026-04-30,17,"B","NoPrep",4.33333333333333,5,4,4,"Neutral",2026-04-30 15:26:17,2026-04-30 15:27:11,-5,"A"
2026-04-30,22,"B","Stimulating",6.66666666666667,7,6,7,"Neutral",2026-04-30 15:28:02,2026-04-30 15:29:41,-5,"A"
2026-05-01,8,"F","ChildChoice",5.66666666666667,5,6,6,"Neutral",2026-05-01 08:35:04,2026-05-01 08:28:26,-3,"E"
2026-05-01,11,"F","NoPrep",5.33333333333333,5,6,5,"Neutral",2026-05-01 10:40:32,2026-05-01 10:54:17,-1,"D"
2026-05-01,13,"D","Stimulating",4,6,2,4,"Hyper",2026-05-01 10:37:34,2026-05-01 10:40:05,-2,"F"
2026-05-01,16,"D","ChildChoice",8.33333333333333,9,8,8,"Hyper",2026-05-01 10:40:37,2026-05-01 10:41:55,-1,"F"
2026-05-02,1,"D","ChildChoice",7.33333333333333,8,7,7,"Neutral",2026-05-02 10:32:20,2026-05-02 10:33:36,-2,"A"
2026-05-02,6,"D","Calming",4,3,4,5,"Neutral",2026-05-02 08:49:12,2026-05-02 08:54:37,-5,"B"
2026-05-02,8,"F","ChildChoice",1,1,1,1,"Hyper",2026-05-02 08:50:15,2026-05-02 10:43:02,-3,"A"
2026-05-02,10,"B","Calming",5,5,5,5,"Hyper",2026-05-02 08:50:36,2026-05-02 10:36:25,-5,"A"
2026-05-02,17,"D","Stimulating",4.66666666666667,6,3,5,"Neutral",2026-05-02 08:49:49,2026-05-02 08:52:49,-5,"F"
2026-05-02,19,"B","Stimulating",6.33333333333333,9,5,5,"Neutral",2026-05-02 15:01:33,2026-05-02 14:43:35,0,"E"
2026-05-04,1,"B","Calming",6,6,6,6,"Neutral",2026-05-04 17:06:51,2026-05-04 17:16:31,-2,"B"
2026-05-04,8,"E","Calming",5.66666666666667,7,5,5,"Neutral",2026-05-04 08:08:20,2026-05-04 08:36:00,-3,"F"
2026-05-04,20,"D","Stimulating",6.33333333333333,5,7,7,"Hyper",2026-05-04 08:31:36,2026-05-04 08:33:38,0,"E"
2026-05-05,8,"B","Stimulating",5,5,5,5,"Neutral",2026-05-05 07:28:57,2026-05-05 07:29:42,-3,"E"
2026-05-05,17,"D","NoPrep",5,5,5,5,"Neutral",2026-05-05 19:34:02,2026-05-05 20:19:48,-5,"E"
2026-05-06,7,"D","NoPrep",4.66666666666667,7,5,2,"Hyper",2026-05-06 11:36:07,2026-05-06 11:59:23,-5,"F"
2026-05-06,8,"E","Calming",5.33333333333333,6,5,5,"Neutral",2026-05-06 11:11:49,2026-05-06 10:24:59,-3,"D"
2026-05-06,10,"D","Stimulating",5.66666666666667,7,5,5,"Neutral",2026-05-06 10:25:38,2026-05-06 11:37:22,-5,"F"
2026-05-06,11,"B","NoPrep",5.66666666666667,5,6,6,"Neutral",2026-05-06 16:49:19,2026-05-06 15:51:21,-1,"E"
2026-05-06,12,"B","Stimulating",8.33333333333333,8,9,8,"Tired",2026-05-06 16:45:22,2026-05-06 21:25:04,-5,"A"
2026-05-06,14,"E","NoPrep",1.33333333333333,1,2,1,"Hyper",2026-05-06 21:22:10,2026-05-06 21:23:18,1,"A"
2026-05-06,16,"B","ChildChoice",8.66666666666667,8,9,9,"Neutral",2026-05-06 21:20:20,2026-05-06 21:20:57,-1,"A"
2026-05-06,19,"A","Calming",2.33333333333333,2,3,2,"Tired",2026-05-06 21:17:53,2026-05-06 21:18:44,0,"A"
2026-05-06,20,"A","ChildChoice",5.66666666666667,6,5,6,"Neutral",2026-05-06 20:11:36,2026-05-06 20:12:45,0,"A"
2026-05-06,22,"B","Stimulating",4,4,4,4,"Hyper",2026-05-06 16:47:50,2026-05-06 16:52:28,-5,"E"
2026-05-07,1,"D","NoPrep",7.33333333333333,7,8,7,"Neutral",2026-05-07 08:50:54,2026-05-07 14:11:13,-2,"A"
2026-05-07,2,"D","Calming",4.33333333333333,4,5,4,"Neutral",2026-05-07 07:51:37,2026-05-07 07:53:09,-1,"A"
2026-05-07,24,"D","Calming",4.33333333333333,4,5,4,"Neutral",2026-05-07 08:49:58,2026-05-07 14:10:26,-2,"A"
2026-05-07,6,"D","NoPrep",5.33333333333333,5,6,5,"Hyper",2026-05-07 14:22:27,2026-05-07 14:23:54,-5,"B"
2026-05-07,8,"E","Stimulating",4.66666666666667,4,5,5,"Neutral",2026-05-07 07:50:01,2026-05-07 07:50:55,-3,"A"
2026-05-07,25,"A","Calming",2,3,1,2,"Neutral",2026-05-07 14:19:37,2026-05-07 14:20:28,-6,"A"
2026-05-07,15,"B","Calming",7,7,7,7,"Neutral",2026-05-07 14:52:09,2026-05-07 14:53:23,-6,"A"
2026-05-07,16,"E","Calming",9,9,9,9,"Hyper",2026-05-07 15:34:43,2026-05-07 15:35:37,-1,"A"
2026-05-07,17,"E","NoPrep",3,6,2,1,"Neutral",2026-05-07 14:53:57,2026-05-07 14:54:50,-5,"A"
2026-05-07,22,"B","Calming",3.33333333333333,3,4,3,"Neutral",2026-05-07 15:33:10,2026-05-07 15:33:43,-5,"A"
2026-05-07,23,"A","Stimulating",2,2,2,2,"Tired",2026-05-07 14:16:07,2026-05-07 14:16:58,-4,"A"
2026-05-08,2,"D","Stimulating",5,5,5,5,"Neutral",2026-05-08 07:31:55,2026-05-08 08:02:48,-1,"E"
2026-05-08,3,"B","Stimulating",5,5,5,5,"Neutral",2026-05-08 10:47:46,2026-05-08 12:09:29,0,"E"
2026-05-08,8,"E","ChildChoice",3.33333333333333,4,3,3,"Hyper",2026-05-08 07:24:55,2026-05-08 07:29:21,-3,"D"
2026-05-08,13,"D","Stimulating",5,5,6,4,"Neutral",2026-05-08 09:32:47,2026-05-08 11:16:58,-2,"D"
2026-05-09,22,"B","NoPrep",3.66666666666667,3,3,5,"Neutral",2026-05-09 15:09:21,2026-05-09 15:08:38,-5,"E"
2026-05-11,1,"E","Calming",5.33333333333333,6,5,5,"Neutral",2026-05-11 16:09:17,2026-05-11 16:13:36,-2,"A"
2026-05-11,2,"A","Stimulating",4.33333333333333,4,4,5,"Neutral",2026-05-11 11:31:44,2026-05-11 11:34:14,-1,"A"
2026-05-11,3,"B","Calming",7.66666666666667,7,8,8,"Hyper",2026-05-11 11:41:29,2026-05-11 13:17:34,0,"A"
2026-05-11,7,"F","ChildChoice",3.66666666666667,5,4,2,"Neutral",2026-05-11 17:53:30,2026-05-11 13:21:55,-5,"A"
2026-05-11,8,"E","NoPrep",4.33333333333333,5,4,4,"Hyper",2026-05-11 07:38:53,2026-05-11 16:14:40,-3,"A"
2026-05-11,25,"B","NoPrep",4.33333333333333,5,4,4,"Neutral",2026-05-11 11:38:43,2026-05-11 11:40:05,-6,"A"
2026-05-11,12,"E","NoPrep",8.66666666666667,8,9,9,"Neutral",2026-05-11 16:06:25,2026-05-11 13:20:06,-5,"A"
2026-05-11,13,"F","Calming",4,4,3,5,"Hyper",2026-05-11 17:52:44,2026-05-11 11:37:49,-2,"A"
2026-05-11,14,"A","NoPrep",5.66666666666667,6,5,6,"Hyper",2026-05-11 16:11:06,2026-05-11 16:12:09,1,"A"
2026-05-11,16,"E","ChildChoice",9,9,9,9,"Neutral",2026-05-11 16:07:30,2026-05-11 16:10:25,-1,"A"
2026-05-11,20,"A","NoPrep",6.33333333333333,7,6,6,"Neutral",2026-05-11 11:34:48,2026-05-11 11:35:43,0,"A"
2026-05-11,22,"B","ChildChoice",4,5,4,3,"Hyper",2026-05-11 16:07:58,2026-05-11 16:09:50,-5,"A"
2026-05-12,1,"E","ChildChoice",8,8,8,8,"Neutral",2026-05-12 12:01:58,2026-05-12 16:16:00,-2,"A"
2026-05-12,2,"E","Calming",4.66666666666667,5,5,4,"Neutral",2026-05-12 07:50:27,2026-05-12 16:10:47,-1,"A"
2026-05-12,24,"F","Stimulating",5.66666666666667,6,5,6,"Neutral",2026-05-12 13:37:12,2026-05-12 16:17:02,-2,"A"
2026-05-12,6,"B","Stimulating",6.33333333333333,6,7,6,"Neutral",2026-05-12 15:51:14,2026-05-12 16:19:59,-5,"A"
2026-05-12,25,"E","NoPrep",6.33333333333333,5,7,7,"Neutral",2026-05-12 16:07:30,2026-05-12 16:32:19,-6,"A"
2026-05-12,11,"F","Stimulating",4.33333333333333,5,6,2,"Tired",2026-05-12 13:37:41,2026-05-12 16:18:05,-1,"A"
2026-05-12,15,"B","Calming",7.33333333333333,7,7,8,"Neutral",2026-05-12 15:58:13,2026-05-12 16:29:19,-6,"A"
2026-05-12,16,"E","NoPrep",6.33333333333333,10,8,1,"Hyper",2026-05-12 16:01:15,2026-05-12 16:30:24,-1,"A"
2026-05-12,17,"A","ChildChoice",2,2,2,2,"Neutral",2026-05-12 15:52:40,2026-05-12 16:27:03,-5,"A"
2026-05-12,26,"B","Stimulating",2.66666666666667,3,3,2,"Neutral",2026-05-12 15:49:16,2026-05-12 16:18:59,-5,"E"
2026-05-12,21,"B","Stimulating",7,7,7,7,"Hyper",2026-05-12 15:56:34,2026-05-12 16:27:47,-5,"A"
2026-05-12,22,"E","Stimulating",2.66666666666667,2,4,2,"Hyper",2026-05-12 15:57:47,2026-05-12 16:28:30,-5,"A"
2026-05-12,23,"F","Calming",3.33333333333333,4,4,2,"Tired",2026-05-12 10:39:40,2026-05-12 16:15:07,-4,"A"
2026-05-13,1,"A","Calming",5.33333333333333,6,6,4,"Neutral",2026-05-13 18:49:52,2026-05-13 18:50:46,-2,"A"
2026-05-13,2,"E","NoPrep",4.33333333333333,4,5,4,"Neutral",2026-05-13 10:43:28,2026-05-13 10:44:40,-1,"A"
2026-05-13,3,"E","NoPrep",7,8,8,5,"Neutral",2026-05-13 18:45:07,2026-05-13 18:46:09,0,"A"
2026-05-13,25,"B","NoPrep",4,4,4,4,"Neutral",2026-05-13 10:49:59,2026-05-13 10:52:32,-6,"E"
2026-05-13,10,"B","Calming",4,5,5,2,"Neutral",2026-05-13 18:55:57,2026-05-13 18:57:07,-5,"E"
2026-05-13,11,"B","Calming",6,6,6,6,"Neutral",2026-05-13 18:53:27,2026-05-13 18:54:15,-1,"A"
2026-05-13,13,"E","ChildChoice",6.33333333333333,5,7,7,"Hyper",2026-05-13 10:48:28,2026-05-13 10:49:02,-2,"A"
2026-05-13,16,"E","Stimulating",8.33333333333333,9,9,7,"Hyper",2026-05-13 18:52:00,2026-05-13 18:52:46,-1,"A"
2026-05-13,20,"B","ChildChoice",4.33333333333333,3,5,5,"Neutral",2026-05-13 10:45:35,2026-05-13 10:46:31,0,"A"
2026-05-13,22,"B","Calming",2.66666666666667,1,2,5,"Hyper",2026-05-13 18:47:20,2026-05-13 18:48:12,-5,"A"
2026-05-14,1,"D","Stimulating",8,8,8,8,"Neutral",2026-05-14 12:23:56,2026-05-14 21:36:10,-2,"A"
2026-05-14,2,"D","ChildChoice",6,6,6,6,"Neutral",2026-05-14 07:24:00,2026-05-14 07:34:27,-1,"E"
2026-05-14,24,"F","Stimulating",5,5,5,5,"Neutral",2026-05-14 09:14:27,2026-05-14 21:34:05,-2,"A"
2026-05-14,9,"F","NoPrep",2.66666666666667,3,3,2,"Neutral",2026-05-14 11:46:31,2026-05-14 21:35:20,-1,"A"
2026-05-14,11,"B","Stimulating",3.66666666666667,5,2,4,"Tired",2026-05-14 16:27:31,2026-05-14 21:37:03,-1,"A"
2026-05-14,15,"E","NoPrep",7,7,7,7,"Neutral",2026-05-14 16:51:20,2026-05-14 21:40:11,-6,"A"
2026-05-14,17,"B","Stimulating",3.66666666666667,5,4,2,"Neutral",2026-05-14 16:31:34,2026-05-14 21:37:59,-5,"A"
2026-05-14,22,"B","ChildChoice",7,7,7,7,"Hyper",2026-05-14 16:32:07,2026-05-14 21:38:46,-5,"A"
2026-05-15,1,"D","Stimulating",5,7,7,1,"Neutral",2026-05-15 15:35:19,2026-05-15 19:42:23,-2,"A"
2026-05-15,2,"E","Stimulating",2,4,1,1,"Neutral",2026-05-15 15:35:21,2026-05-15 19:38:33,-1,"A"
2026-05-15,3,"B","NoPrep",6,7,7,4,"Neutral",2026-05-15 13:57:21,2026-05-15 19:41:33,0,"A"
2026-05-15,9,"F","Stimulating",4.66666666666667,6,6,2,"Neutral",2026-05-15 19:36:27,2026-05-15 19:40:24,-1,"A"
2026-05-15,25,"D","NoPrep",6,6,6,6,"Neutral",2026-05-15 19:36:56,2026-05-15 19:40:55,-6,"A"
2026-05-15,11,"E","Calming",2.33333333333333,3,2,2,"Hyper",2026-05-15 15:36:24,2026-05-15 19:43:12,-1,"A"
2026-05-15,13,"B","Stimulating",1.66666666666667,1,2,2,"Neutral",2026-05-15 09:44:57,2026-05-15 19:39:11,-2,"A"
2026-05-15,16,"D","ChildChoice",8.33333333333333,9,9,7,"Neutral",2026-05-15 15:36:08,2026-05-15 19:57:49,-1,"A"
2026-05-15,20,"F","Calming",2,1,1,4,"Neutral",2026-05-15 19:35:43,2026-05-15 19:39:46,0,"A"
2026-05-16,1,"F","ChildChoice",6.33333333333333,7,6,6,"Neutral",2026-05-16 22:38:32,2026-05-16 22:44:24,-2,"A"
2026-05-16,6,"F","NoPrep",4.33333333333333,2,5,6,"Neutral",2026-05-16 10:30:34,2026-05-16 22:42:34,-5,"A"
2026-05-16,10,"D","ChildChoice",4.33333333333333,6,6,1,"Neutral",2026-05-16 22:41:41,2026-05-16 22:47:01,-5,"A"
2026-05-16,15,"D","NoPrep",8,8,8,8,"Neutral",2026-05-16 22:37:37,2026-05-16 22:43:50,-6,"A"
2026-05-16,16,"E","ChildChoice",7,7,7,7,"Neutral",2026-05-16 22:41:13,2026-05-16 22:46:29,-1,"A"
2026-05-16,19,"E","Stimulating",1,1,1,1,"Hyper",2026-05-16 22:40:05,2026-05-16 22:45:53,0,"A"
2026-05-16,21,"B","Calming",6,8,8,2,"Neutral",2026-05-16 22:39:33,2026-05-16 22:45:26,-5,"A"
2026-05-16,22,"B","NoPrep",6.33333333333333,5,7,7,"Hyper",2026-05-16 22:37:12,2026-05-16 22:43:17,-5,"A"
2026-05-16,23,"D","NoPrep",2,2,2,2,"Neutral",2026-05-16 22:38:59,2026-05-16 22:44:56,-4,"A"
2026-05-21,1,"F","Calming",7,7,7,7,"Neutral",2026-05-21 11:01:50,2026-05-21 22:36:38,-2,"A"
2026-05-21,2,"E","Stimulating",2,2,2,2,"Neutral",2026-05-21 11:19:18,2026-05-21 22:29:59,-1,"A"
2026-05-21,24,"B","ChildChoice",5,5,5,5,"Neutral",2026-05-21 11:19:17,2026-05-21 22:26:59,-2,"A"
2026-05-21,6,"D","NoPrep",4.66666666666667,6,4,4,"Hyper",2026-05-21 13:11:44,2026-05-21 19:16:07,-5,"F"
2026-05-21,9,"D","Calming",4,4,4,4,"Hyper",2026-05-21 11:35:06,2026-05-21 16:59:40,-1,"E"
2026-05-21,11,"F","ChildChoice",2,2,2,2,"Neutral",2026-05-21 11:01:03,2026-05-21 22:28:48,-1,"A"
2026-05-21,15,"B","ChildChoice",3.33333333333333,2,1,7,"Hyper",2026-05-21 15:50:43,2026-05-21 18:44:49,-6,"B"
2026-05-21,16,"D","Calming",8,8,8,8,"Neutral",2026-05-21 15:40:50,2026-05-21 18:46:15,-1,"B"
2026-05-21,17,"E","ChildChoice",2.66666666666667,3,3,2,"Neutral",2026-05-21 15:48:54,2026-05-21 22:33:48,-5,"A"
2026-05-21,22,"E","Calming",7,7,7,7,"Neutral",2026-05-21 15:37:21,2026-05-21 22:32:37,-5,"A"
2026-05-21,23,"B","NoPrep",5,5,5,5,"Neutral",2026-05-21 11:21:28,2026-05-21 22:30:55,-4,"A"
2026-05-22,1,"B","NoPrep",7.66666666666667,9,7,7,"Neutral",2026-05-22 14:13:40,2026-05-22 17:55:37,-2,"F"
2026-05-22,9,"B","ChildChoice",3.66666666666667,5,4,2,"Neutral",2026-05-22 14:12:46,2026-05-22 17:56:25,-1,"F"
2026-05-22,11,"D","Stimulating",3,3,3,3,"Hyper",2026-05-22 14:12:15,2026-05-22 14:13:38,-1,"E"
2026-05-23,24,"D","ChildChoice",3.66666666666667,4,3,4,"Neutral",2026-05-23 08:37:18,2026-05-23 08:37:52,-2,"E"
2026-05-23,6,"D","ChildChoice",6.33333333333333,6,8,5,"Hyper",2026-05-23 08:55:43,2026-05-23 08:58:00,-5,"F"
2026-05-25,2,"D","Stimulating",5.66666666666667,5,6,6,"Neutral",2026-05-25 11:03:28,2026-05-25 11:17:37,-1,"E"
2026-05-25,22,"B","Stimulating",6.33333333333333,6,6,7,"Neutral",2026-05-25 14:58:30,2026-05-25 15:00:16,-5,"B"
2026-05-26,1,"E","Stimulating",5.66666666666667,1,8,8,"Neutral",2026-05-26 10:34:33,2026-05-26 13:04:42,-2,"B"
2026-05-26,2,"B","Calming",6.33333333333333,4,10,5,"Neutral",2026-05-26 09:04:35,2026-05-26 10:35:17,-1,"E"
2026-05-26,24,"E","Calming",7,7,7,7,"Neutral",2026-05-26 12:15:47,2026-05-26 13:03:02,-2,"B"
2026-05-27,11,"E","NoPrep",6,6,6,6,"Neutral",2026-05-27 15:24:47,2026-05-27 17:54:47,-1,"B"
2026-05-27,22,"B","Calming",4.33333333333333,4,4,5,"Neutral",2026-05-27 17:36:23,2026-05-27 17:42:22,-5,"E"
2026-05-28,1,"B","Calming",6,4,7,7,"Neutral",2026-05-28 09:53:16,2026-05-28 16:28:03,-2,"A"
2026-05-28,2,"E","ChildChoice",4,4,4,4,"Neutral",2026-05-28 15:46:12,2026-05-28 16:30:28,-1,"A"
2026-05-28,8,"B","Calming",4,2,5,5,"Neutral",2026-05-28 09:54:32,2026-05-28 16:28:41,-3,"A"
2026-05-28,9,"D","Calming",5,5,5,5,"Neutral",2026-05-28 11:41:50,2026-05-28 16:29:46,-1,"A"
2026-05-28,11,"B","Calming",2.66666666666667,2,3,3,"Hyper",2026-05-28 11:39:32,2026-05-28 16:29:13,-1,"A"
2026-05-28,15,"D","Stimulating",4.66666666666667,6,7,1,"Hyper",2026-05-28 15:53:33,2026-05-28 18:20:33,-6,"A"
2026-05-28,17,"E","ChildChoice",2,2,2,2,"Neutral",2026-05-28 15:47:03,2026-05-28 18:19:47,-5,"A"
2026-05-28,20,"A","Calming",4.66666666666667,4,5,5,"Neutral",2026-05-28 16:26:59,2026-05-28 18:23:17,0,"A"
2026-05-28,22,"D","Stimulating",6.33333333333333,7,5,7,"Neutral",2026-05-28 15:54:07,2026-05-28 18:21:07,-5,"A"
2026-05-29,2,"D","NoPrep",6,6,6,6,"Hyper",2026-05-29 09:42:05,2026-05-29 18:15:50,-1,"A"
2026-05-29,8,"B","Calming",4.33333333333333,4,4,5,"Neutral",2026-05-29 17:42:13,2026-05-29 18:21:45,-3,"E"
2026-05-29,9,"D","NoPrep",6.33333333333333,5,7,7,"Neutral",2026-05-29 13:24:17,2026-05-29 18:18:29,-1,"A"
2026-05-29,13,"D","NoPrep",5,5,4,6,"Neutral",2026-05-29 09:43:29,2026-05-29 18:17:54,-2,"A"
2026-05-29,15,"B","NoPrep",6.66666666666667,6,7,7,"Neutral",2026-05-29 17:43:03,2026-05-29 18:19:07,-6,"A"
2026-05-29,19,"B","Stimulating",6.66666666666667,6,7,7,"Neutral",2026-05-29 17:45:05,2026-05-29 18:19:40,0,"A"
2026-05-29,20,"D","Stimulating",2,2,2,2,"Hyper",2026-05-29 09:42:52,2026-05-29 18:17:23,0,"A"
2026-05-29,22,"E","NoPrep",3.66666666666667,5,4,2,"Neutral",2026-05-29 17:54:12,2026-05-29 18:20:10,-5,"A"
2026-06-01,1,"D","ChildChoice",6,6,6,6,"Neutral",2026-06-01 12:46:44,2026-06-01 19:44:48,-2,"A"
2026-06-01,3,"B","Stimulating",8,8,8,8,"Neutral",2026-06-01 17:55:00,2026-06-01 19:22:39,0,"B"
2026-06-01,8,"B","ChildChoice",5.66666666666667,5,6,6,"Neutral",2026-06-01 17:55:39,2026-06-01 19:31:19,-3,"C"
2026-06-01,9,"E","NoPrep",4,2,5,5,"Neutral",2026-06-01 11:16:52,2026-06-01 11:46:23,-1,"A"
2026-06-01,13,"D","NoPrep",4,2,5,5,"Hyper",2026-06-01 12:45:43,2026-06-01 19:46:31,-2,"A"
2026-06-01,16,"E","Calming",8,8,8,8,"Neutral",2026-06-01 17:16:18,2026-06-01 19:45:37,-1,"A"
2026-06-01,22,"B","ChildChoice",3.33333333333333,4,3,3,"Neutral",2026-06-01 17:56:35,2026-06-01 19:32:12,-5,"E"
2026-06-02,1,"D","NoPrep",7.33333333333333,7,7,8,"Neutral",2026-06-02 13:14:46,2026-06-02 17:10:43,-2,"A"
2026-06-02,24,"D","Stimulating",5,5,5,5,"Neutral",2026-06-02 13:15:39,2026-06-02 17:13:58,-2,"E"
2026-06-02,9,"D","Calming",4,4,4,4,"Hyper",2026-06-02 13:15:09,2026-06-02 17:15:40,-1,"B"
2026-06-02,11,"B","Stimulating",3,3,3,3,"Tired",2026-06-02 16:51:29,2026-06-02 16:52:50,-1,"B"
2026-06-02,15,"E","Stimulating",6,6,6,6,"Neutral",2026-06-02 16:48:38,2026-06-02 16:53:49,-6,"B"
2026-06-02,16,"E","Calming",7.66666666666667,7,8,8,"Neutral",2026-06-02 16:56:59,2026-06-02 16:58:06,-1,"B"
2026-06-02,22,"B","NoPrep",3.66666666666667,3,3,5,"Neutral",2026-06-02 16:54:57,2026-06-02 16:54:26,-5,"E"
2026-06-03,1,"E","Calming",8,8,8,8,"Neutral",2026-06-03 15:47:20,2026-06-03 20:55:01,-2,"A"
2026-06-03,2,"E","ChildChoice",4.66666666666667,4,5,5,"Neutral",2026-06-03 08:55:14,2026-06-03 20:51:18,-1,"A"
2026-06-03,8,"E","Calming",5,5,5,5,"Neutral",2026-06-03 08:52:55,2026-06-03 20:50:21,-3,"A"
2026-06-03,11,"D","NoPrep",2,2,2,2,"Hyper",2026-06-03 15:44:46,2026-06-03 20:52:39,-1,"A"
2026-06-03,13,"E","Stimulating",6.33333333333333,6,6,7,"Neutral",2026-06-03 08:53:24,2026-06-03 08:54:16,-2,"E"
2026-06-03,16,"E","Stimulating",7,7,7,7,"Neutral",2026-06-03 15:45:34,2026-06-03 20:53:49,-1,"A"
2026-06-03,17,"D","ChildChoice",2,2,2,2,"Neutral",2026-06-03 15:45:44,2026-06-03 20:54:13,-5,"A"
2026-06-03,21,"D","NoPrep",5.33333333333333,6,5,5,"Neutral",2026-06-03 15:43:54,2026-06-03 20:52:13,-5,"A"
2026-06-03,22,"D","Stimulating",5,5,6,4,"Neutral",2026-06-03 15:45:19,2026-06-03 20:53:14,-5,"A"
2026-06-04,1,"B","Calming",7,7,7,7,"Neutral",2026-06-04 12:56:00,2026-06-04 20:42:15,-2,"A"
2026-06-04,2,"E","Calming",3.66666666666667,3,4,4,"Neutral",2026-06-04 09:56:37,2026-06-04 09:57:09,-1,"E"
2026-06-04,6,"D","ChildChoice",3.33333333333333,4,2,4,"Neutral",2026-06-04 15:38:36,2026-06-04 20:46:45,-5,"A"
2026-06-04,8,"B","NoPrep",4.33333333333333,5,4,4,"Neutral",2026-06-04 12:53:29,2026-06-04 20:49:07,-3,"A"
2026-06-04,9,"B","Calming",5,5,5,5,"Hyper",2026-06-04 13:02:28,2026-06-04 20:45:02,-1,"A"
2026-06-04,11,"D","NoPrep",3.33333333333333,3,4,3,"Hyper",2026-06-04 15:38:05,2026-06-04 20:42:11,-1,"E"
2026-06-04,15,"E","Stimulating",7,7,7,7,"Neutral",2026-06-04 15:40:14,2026-06-04 20:41:28,-6,"E"
2026-06-04,16,"E","Calming",7.66666666666667,7,8,8,"Neutral",2026-06-04 15:39:28,2026-06-04 20:40:56,-1,"E"
2026-06-04,17,"D","ChildChoice",2,2,2,2,"Hyper",2026-06-04 15:39:45,2026-06-04 20:45:47,-5,"A"
2026-06-05,1,"D","Stimulating",8,8,8,8,"Neutral",2026-06-05 12:48:34,2026-06-05 13:31:44,-2,"A"
2026-06-05,2,"B","NoPrep",5,5,4,6,"Neutral",2026-06-05 09:55:32,2026-06-05 09:56:31,-1,"A"
2026-06-05,29,"E","ChildChoice",5.66666666666667,6,6,5,"Neutral",2026-06-05 14:50:01,2026-06-05 14:50:58,0,"A"
2026-06-05,8,"E","ChildChoice",6,6,6,6,"Neutral",2026-06-05 08:49:57,2026-06-05 08:50:50,-3,"E"
2026-06-05,9,"D","Stimulating",5.33333333333333,6,4,6,"Neutral",2026-06-05 09:59:41,2026-06-05 10:25:19,-1,"A"
2026-06-05,11,"B","Stimulating",1.66666666666667,1,2,2,"Neutral",2026-06-05 12:45:36,2026-06-05 12:47:09,-1,"A"
2026-06-05,15,"D","ChildChoice",7,7,7,7,"Neutral",2026-06-05 14:48:35,2026-06-05 14:49:15,-6,"A"
2026-06-05,16,"E","Stimulating",9,9,9,9,"Neutral",2026-06-05 15:32:27,2026-06-05 15:33:03,-1,"A"
2026-06-05,17,"A","Calming",1.33333333333333,2,1,1,"Neutral",2026-06-05 14:52:27,2026-06-05 14:53:07,-5,"A"
2026-06-05,19,"D","Stimulating",3.66666666666667,5,4,2,"Neutral",2026-06-05 14:53:55,2026-06-05 15:31:00,0,"A"
2026-06-05,20,"B","NoPrep",5,4,5,6,"Neutral",2026-06-05 09:57:05,2026-06-05 09:58:00,0,"A"
2026-06-06,1,"B","NoPrep",7,7,7,7,"Neutral",2026-06-06 09:29:56,2026-06-06 16:35:08,-2,"A"
2026-06-06,24,"B","Calming",5.66666666666667,5,6,6,"Neutral",2026-06-06 09:22:24,2026-06-06 09:25:24,-2,"A"
2026-06-06,6,"A","Stimulating",3.33333333333333,5,4,1,"Neutral",2026-06-06 09:26:10,2026-06-06 09:28:09,-5,"A"
2026-06-06,8,"E","Stimulating",7,7,7,7,"Neutral",2026-06-06 07:35:51,2026-06-06 07:34:47,-3,"B"
2026-06-06,17,"B","Calming",4.66666666666667,6,4,4,"Neutral",2026-06-06 16:39:38,2026-06-06 16:40:25,-5,"A"
2026-06-06,19,"E","Stimulating",5,5,5,5,"Neutral",2026-06-06 16:38:14,2026-06-06 16:38:47,0,"A"
2026-06-06,21,"E","NoPrep",5.33333333333333,6,5,5,"Hyper",2026-06-06 16:36:47,2026-06-06 16:37:33,-5,"A"
